customer_id,customer_name,customer_email,password,address,city
1,Alexandre Traore,patrick32@gmail.com,5W!0CgL8qi+J,,Saint Jeannenec
2,Benjamin Gillet,pelletiercamille@gmail.com,$)W^5*8ZEc37,"840, rue de Hoareau",Sainte Véroniqueboeuf
3,Jacqueline Goncalves-Pinto,odupuy@gmail.com,39WZ__hk$JVE,"135, rue Gomes",RoyerBourg
4,Bertrand Brunet,sophiebazin@gmail.com,Rx6!ocR7&(KT,,GodardBourg
5,Catherine Le Riou,honorebesson@gmail.com,O(0yl55k(gTy,,Gimenez
6,Danielle Aubry-Evrard,ilecomte@gmail.com,@SC!e%%#$38k,"74, chemin de Navarro",SauvageBourg
7,Thérèse-Jacqueline Reynaud,,V0HDp62u+86u,"21, avenue de Monnier",Bouchetdan
8,Agathe Morin-Chrétien,jacquescordier@gmail.com,4wNf+9xU*h%V,"73, rue Gillet",Sainte Rémy
9,Arthur Valentin,parentnoel@gmail.com,BqbS7)ZL_9!X,"4, boulevard de Fournier",Faure-sur-Humbert
10,Julie de la Lévêque,moulinalexandrie@gmail.com,XzaWjAbv)8**,,Barbier
11,Emmanuelle Torres,corinne74@gmail.com,#eTFvx+#FS4$,avenue Baron,Saint Xavier
12,Xavier Henry-Monnier,vlegendre@gmail.com,k_qpIfMAk432,"32, rue Joseph Gallet",Bouchet
13,Noémi Le Leroy,bertinjoseph@gmail.com,sm$KQDcvg)8w,"20, avenue de Barre",Nguyen
14,Philippe Ruiz du Millet,,bGhGUInn(k2B,,Grenier-la-Forêt
15,Denise Delmas,jacquetdenise@gmail.com,X!0HUfpH_csp,"451, chemin de Jean",Caron
16,Susan de Pascal,clauderiviere@gmail.com,p7Fx8jN5(e5C,"97, boulevard de Prévost",Raymondnec
17,Colette Munoz,christophelegros@gmail.com,vAGrnPalsO)6,"88, rue Lucas De Oliveira",PiresVille
18,Nicolas Rodriguez,carlierjeanne@gmail.com,%6rgwJnMh$K4,"2, avenue de Dufour",VidalVille
19,Alain de la Dupuis,christellelaroche@gmail.com,xfj^BUuUt2Tt,rue de Turpin,Gosselin
20,Henri Pottier,morenosabine@gmail.com,m*xZneAnx(l5,boulevard Aurélie Peltier,Muller
21,Isaac-Gérard Fernandez,catherine37@gmail.com,o13ADrdp&w&5,,Bourdon-sur-Laroche
22,Victoire Pons,morintheodore@gmail.com,el6(K(Ri&8Nf,"53, boulevard de Tessier",Lenoirboeuf
23,William de la Alves,,Ua71DvNmH#Y$,"90, chemin Lambert",Sainte Marthe
24,Charles Pascal-Salmon,mseguin@gmail.com,Y)&YS+IgM#18,"78, avenue Théophile Pruvost",SchneiderVille
25,Thomas-Théodore Peltier,audreynoel@gmail.com,)cdvoO^#J9J&,"52, rue Lopez",Le Gall
26,Alice-Diane Lelièvre,llopes@gmail.com,d9vmSLKn@H2z,"27, chemin Anouk Le Roux",Leconte
27,Étienne Paul,laurence77@gmail.com,yX5+DS&a*M(7,chemin Dias,Hervé
28,Marc-Olivier Georges,cecilecourtois@gmail.com,7!fZUqqLN5i&,"93, rue de Muller",Leleu
29,Hortense Diallo,ubertrand@gmail.com,*t@_qDoj)Y5^,"76, rue de Costa",Saint Constance
30,Véronique Allard,mauricedaniel@gmail.com,%E0KIc1zX!cO,"23, rue Patricia Couturier",Sainte Jacques-la-Forêt
31,Michel-Gilbert Martineau,turpinsebastien@gmail.com,**GE9d@mH4qG,"821, boulevard Théophile Riou",Blot-la-Forêt
32,Gabriel Seguin Le Vasseur,lauredeschamps@gmail.com,h#)RxJtk7nN1,"11, avenue Arthur Delorme",Foucher
33,David Faivre,margaretramos@gmail.com,h7GZLbMvvC@7,"68, avenue Garcia",Regnier
34,Céline Joly,morelthibaut@gmail.com,$bg8Jm+I*OIE,,FerreiraBourg
35,Simone Huet,eugene58@gmail.com,k5HTem5j!W8y,"70, rue Gérard De Sousa",Saint LucyVille
36,Christophe Garcia,sophie39@gmail.com,j+(Pv$PoQL1%,"3, rue Gilbert Traore",LaineBourg
37,Simone Legrand,lebrunjulie@gmail.com,L&*dpaQj3L49,"3, boulevard Luce Mary",Mendèsboeuf
38,Pénélope Bouvier,alix27@gmail.com,wTBsqvJt#98*,rue Morin,Pereiraboeuf
39,Hélène Nicolas,camille85@gmail.com,8i)D14Afgx&R,boulevard Maurice Gilbert,GosselinVille
40,Marcelle Mace,philippine99@gmail.com,@WIOvD(cV4A4,rue Barbier,Girard-sur-Parent
41,Daniel Le Charpentier,georges07@gmail.com,K@^BJXZbHx06,"32, boulevard Maryse Rolland",Vaillantboeuf
42,Catherine Berger,zpruvost@gmail.com,2jDwZQ*q0(1^,"7, chemin Matthieu Le Roux",Garnier
43,Clémence Besnard,lelievrecapucine@gmail.com,ZyJVGUwc!5U1,"14, boulevard David Ruiz",SauvageVille
44,Maurice Henry,michele18@gmail.com,I^5kZJ&c9mat,"40, avenue de Navarro",Barbe-les-Bains
45,Jérôme Ruiz,,km%8gMQuJEE1,,DumontBourg
46,Auguste Collet,guilloupenelope@gmail.com,f$EZxfhk5+9k,"305, avenue de Brunet",Arnaud
47,Susan Lecoq,renee68@gmail.com,(9i8sWqw1LD@,"42, rue de Deschamps",Sainte Alix
48,Léon Faure-Besson,,%7XW@3evXJj5,"6, chemin Rodrigues",Morel
49,Suzanne Andre de Didier,lefortdenise@gmail.com,&2^VPvTGMZy6,"52, rue Laetitia Benard",Masse
50,Stéphane Guyon,gregoire05@gmail.com,@krBBjmN#Z7p,"82, avenue de Lefort",Dufour
